Musée,Nuléro de caisse,inventaire,inventaire clean,pictures filenames,matériau,matériau simplifié,"matériau (sous-type)
",incertitude sur le matériel,typologie,typologie@en,datation,incertitude sur la datation,provenance (country code),provenance,provenance@en,incertitude sur provenance,nombre de fragements,typologies de fragments,taille,poids,lacunaire (observations),% lacunaire,autre dégradations visibles ,observations ,provenance_file,Unnamed: 12,autres observations,Unnamed: 13,Unnamed: 15,obaservations 
MNC,pas de num (caisse isolée) avec présence d'autres fragments exogènes ,19463,19463,19463 (6).JPG,terre cuite ,terre cuite,,FALSE,plat ,plate,XIX - XX,FALSE,788,"Tunisie {Afrique, Nord}",Tunisia {North Africa},FALSE,44,4 très gros : entre 16 et 18 cm ; 6 entre 8 et 10 cm ; 13 entre 8 et 6 cm ; 9 entre 6 et 4 cm ; 10 entre 4 et 2 cm ,environ 22-23 cm de diamètre ,,moins de 10%,<10,"pâte friable, craquelures (= nécessiterai une consolidation), traces  blanches  ur certains fragments (sels ? Plâtre ? ) ; noircissement utilisation pour cuire sur le feu ? ","technique de tournage au colombin. Fragments scannés (voir pour un remontage 3D). D'après l'inventaire historique : ""Poterie tunisienne. Dim 21 cm. Plat de ?  (région de  (?)) Décor au bitume et à la gomme laque."" inventaire historique : "" 19463 Dim 21 cm, poterie rustique tunisienne plat de gubtua (région de ferryville ??) décor au bitume et à la gomme laque ; don du Dr gobert à tunis"". ",sevres_terre cuite.csv,,,,,
MNC,pas de num caisse en plastique avec différente chose mélangée ,4936,4936,4936 (11).JPG,terre cuite,terre cuite,,FALSE,vase,vase,XV - XVI,TRUE,356,"Inde {Asie, Sud}",India {South Asia},FALSE,2,"un fragment bas du vase : 10, 2 cm de diamètre 6,5 cm de hauteur ; fragment du col : 12 cm de long ; environ 10 cm de largeur, 13 cm de haut.","difficile de connaitre la taille véritable = partie du pieds manquante, et pas de connexion entre les deux morceaux pour connaitre le diamètre véritable ",,"0,4",40,"empoussièremment, pâte très fine attention en le manipulant fragile (mal conditionné mériterait une caisse à part pour éviter de s'entre choquer avec d'autres objets), deux éclats sur le col ","tourrnage classique, décors faits au tours à la pointe. Étiquettes sur les deux morceaux avec la même inscription (= 4936-1 Myxapore (?) Bengale) inventaire hist : 4936 fabrique d'Ahmedabad province de Gujarate (Indostan), deux gargoulettes à panse sphéroïdale, poterie fine, jaune rougeâtre, lustrée par polissage ; Donnés par Mr (?) Royle commissaire de la compagnie anglaises des indes à l'exposition universelle de 1855 (Suisse)."" date d'entrée 1856. ",sevres_terre cuite.csv,,,,,
MNC,pas de num(terres cuites romaines ),2919_1,2919_1,"2919_1 (1).JPG
2919_1 (5).JPG
2919_1 (9).JPG",terre cuite [vernissée],terre cuite,vernissée,FALSE,vase [deux hanses],vase [two handles],XVIII,FALSE,380,Italie {Europe},Italy {Europe},FALSE,7,1 fragment gros de la panse avec l'hanse : 15 cm ; 2 du col : entre 6 et 8 cm ; 1 de 4 cm ; 3 de 2 cm ,"18 cm de haut ; longeur 14,5 cm ; largeur/diamètre 12 cm",,"0,15",15,"traces d'anciennes restauration au niveau de l'hanse manquante (donc sûrement déjà manquante avant la guerre), divers éclats et manques autour du col mais profil archéo complet ","décors fait par incision lors du tournage, présence de deux numéros d'inventaire différents (on a retenu celui présent deux fois), étiquette faisant mention du don de cette poterie : ""Ab 11 N°1069 Hydrocérame ou vase à raffraichir (?) des fabriques du Sannio, Royaume de Naples 18e siècle;  Donné par Mr le Duc de Luynes en 1840"". inventaire hist. : "" 2919 poterie réfrigérante. Deux petites cruches à boire turbiniformes en terre rouge lustrée par polissage : l'une à bosselage, ?, deux anses, l'autre à col percé de trois trous en manoère de passoire : Haut moyenne, 0,16% du Sannio, Royaume de Naples ; XVIIIe siècle."" date d'entrée 1841 "" rapporté de Naples et donné par Mr le Duc de Luynes"". ",sevres_terre cuite.csv,,,,,
MNC,"pas de num(terres cuites ""romaines"" )",2919_2,2919_2,"2919_2 (12).JPG
2919_2 (16).JPG
2919_2.JPG",terre cuite [décors peints],terre cuite,peinte+vernissée,FALSE,vase [une hanse],vase [one handle],XVIII,FALSE,380,Italie {Europe},Italy {Europe},FALSE,3 (bientôt 4),1 très gros avec presque tout entre 16 et 18 cm ; 1 morceau du col environ 4 cm ; 1 autre du col plus petit de2 cm ,"hauteur : 16,5 cm ; longeur 11,7 cm ; largeur/ diamètre : 11 cm",,15-20% manque l'hans et une partie du col ,15-20,"éclats à la base, empoussièrement, rayures mais pas de profil archéo complet manque l'hanse. Fissures sur le col au niveau des petits trous mériterait une consolidation.","traces de décors peints (minimalistes), deux numéros d'inventaires choix de mettre celui qui suit le précédent car font surement parti du même lot, possède la même étiquette que le 2919_1  donc même provenance. ",sevres_terre cuite.csv,,,,,
MNC,"pas de num(terres cuites ""romaines"" )",19400,19400,"19400 (11).JPG
19400 (2).JPG",faïence [glaçure] [engobe],faïence,engobée + galçurée,FALSE,coupelle ,small bowl,XX,TRUE,616,Pologne {Europe},Italy {Europe},FALSE,16,1 entre 12 et 14 cm ; 2 entre 8 et 10 cm ; 2 entre 6 et 8 cm ; 1 entre 4 et 6 cm ; 8 entre 2 et 4 cm ; 2 moins de 2 cm ,"diamètre 14 cm; hauteur 3,3 cm",,moins de 10%,<10,2 lacunes vers le centre + des éclats. Glaçure qui semble fragile (pourrait valoir la peine de faire une consolidation),"pas fait au tour (modelage ou colombin), estampillage au dos mais illisible. Inventaire hist. : 19400. Faïence populaire polonaise. Tasse et sa soucoupe en terre vernissée, la tasse à anse de forme évasée : décor de fleu stylisées noires sur fond vert. L'intérieur de la tasse est rose. Poméranie."" ""Don de la société d'expansion d'art polonais à l'étrangerr"" entré dans les collection en 1936. ",sevres_terre cuite.csv,,,,,
MNC,"pas de num(terres cuites ""romaines"" )",5072,5072,"5072 (11).JPG
5072 (4).JPG",terre cuite [vernissée] ,terre cuite,vernissée,FALSE,pot [couvercle] [hanse bouton] ,pot [with lid] [button handle],XIX,TRUE,392,Japon {Asie},Japan {Asia},FALSE,12,pour couvercle cf colonne d'ap ; partie de la base environ 8 cm ; 4 entre 6 et 8 cm ; 2 entre 4 et 6 cm ; 4 entre 4 et 2 cm ; 1 de 2 cm ,"pot : hauteur avec couvercle 11,7 cm ; 11,5 cm de long ; 10,5 cm de large. Couvercle : 6,9 cm de diamètre ; 3 cm de hauteur",,"0,4",40,"très lacunaire (problème de stabilité des fragments au remontage), et bcp d'éclats nottamment sous le couvercle. ","sceau à la base dans un cartouche (deux idéogrammes), ancienne étiquette du vieux musée sous le pied, décor de fleur incisé et doré sur la panse à certains endroits (discret). Inventaire hist. : 5072 : poterie non vernissée. Une théière à réchaud quadranguliforme, poterie à pâte fine, tendre, grisâtre ; à enduis encaustique brun chocolat décoré de fleur de thé gravées à la pointe et réhaussées d'or. Fabrique du Japon."" entré dans les collections en février 1857. ",sevres_terre cuite.csv,,,,,
MNC,"pas de num(terres cuites ""romaines"" )",4932_3,4932_3,"4932_3 (1).JPG
4932_3 (16).JPG",terre cuite [vernissée],terre cuite,vernissée,FALSE,vase à fumer,smoking vase,XVII - XIX,TRUE,356,"Inde {Asie, Sud}",India {South Asia},FALSE,13,1 gros volume : moitièe de la panse ronde environ 17 cm de long ; puis partie du bec verseur entre 14 et 16 cm ; 1 entre 10 et 12 cm ; 2 entre 8 et 10 cm ; 5 entre 4 et 6 cm ; 2 entre 4 et 2 cm ; 1 moins de 2 cm (forme pointue triangulaires en écrassante majorité). ,18 cm de long ; 17 cm de large ; hauteur max 13 cm (mais manque des parties),,10-15 % ,10-15,"lacunaire : manque le pied et le col/haut ?; morceaux cassés/collés d'un précédente restau avec traces de colles et ressauts ; grosse fissure nécéssiterait une consolidation ; décors un peu comme l'objet précédent vernissage, polissage et éléments de dorures. Fragiles à manipuler avec précaution (surtout avec les scotchs attentionoù on les positionne pour ne pas enlever la dorure)","typologie difficile à identifier : panse ronde compléte, et bec verseur complet. Puis partie qui semble est situé au niveau du pied manquant avec ancien produits de restauration (col + matériau de bouchage à l'extérieur alors que à l'intérieur pas de trou visible et trace de tournage qui indique que c'est la base) et partie avec ouverture de l'autre côté presque compléte aussi. Si pas théière possiblement acquamanile ?= mais bec verseur vers le bas... ancienne étiquette d'avant guerre avant num d'inventaire, ne correspond pas au numéro sur le sachet de conditionnement (celui là d'après la base de données est un vase autrichien en porcelaine donc erronné). inventaire hist. : ""poterie non vernissée. cinq pièces : poterie fine à pâte noire, lustrée ? Fabrique d'Ahmedabad provinde de Gujarate (Indostan), savoir : 3. vase à fumer (Gourgouli) à forme de bouteille sphéroïdale : décor ? gris et or, à segments de cercles, quadrillés"". fait partie de la même donation que l 4936. ",sevres_terre cuite.csv,,,,,
MNC,"pas de num(terres cuites ""romaines"" )",3075,3075,"3075 (1).JPG
3075 (17).JPG",terre cuite ,terre cuite,,FALSE,porte huilier,oil cruet,XVIII,FALSE,250,France {Europe},France {Europe},FALSE,12,"le pied et le bec verseur  et l'autre partie de la panse : entre 6 et 8 cm ; la partie avc la hanse : entre 8 et 10 cm ; 8 2 cm ou moins ; forme un peu variées qqls sharp pointus, mais d'autre plus polygonales. ","11 cm de long ; 8 cm de large ; 12,5 cm de haut ",,"0,3",30,fragmentaire et lacunaire ; traces d'anciennes restau : hanse complétement restituée plâtre et goujon avc file d'étain ; trace de consolidation de la glaçure avec papier kraft encore collé sur l'objet par endroit : entièrement consolidé surement car très fin et fragile mais du coup effet papier mâché cassant +++; éclats sous le pied ; corrosion du goujon métallique qui dégrade la cérame ; trace de colle à l'intérieur,"ancienne étiquette avec numéro d'inventaire sur le col, glaçure marron/ tons chauds flammés (quelle technique ? Quelle origine ?). Très très fin coquille d'œuf comme le vase du bengale. Inventaire hist. : poterie vernissée. Un porte huilier, à galerie treillissée, avec un huilier à panse sphéroïdale ; vernis écaillé. Attribué aux fabriques de Clermonc en Auvergne, vers 1720"". entrée dans les collections en janvier 1843. ",sevres_terre cuite.csv,,,,,
MNC,"pas de num(terres cuites ""romaines"" )",5207,5207,"5207 (11).JPG
5207 (15).JPG
5207 (2).JPG",terre cuite ,mixte(terre cuite+quartz),engobée,FALSE,cruche ,jug,XIX - XVIII ,TRUE,620,Portugal {Europe},Portugal {Europe},FALSE,8,le vase presque entier : 28 cm de haut par 17 cm de large/diamètre; puis fragments du col : 3 entre 4 et 6 cm ; 1 entre 2 et 4 cm ; 2 mois de 2 cm ; l'hanse entre 14 et 16 cm ,,,"0,1",10,"empoussièrement, éclats un peu partout ; pas de profil archéo complet car morceau du col non jointif/pas de connexion","probablement pas tourné mais fait au colombins (irrégularitées par endroits) ; décors gravés fait au trait lors de la conception ; éléments exogènes (faïence ? En tout cas pâte différente et avec un couche vitrifiée) accroché avec de la barbotine sur la panse en déco ? (un peu bizarre moche); ancienne étiquette sur un morceau du col. Inventaire historique : ""Poterie réfrigérante. Une cruche oréforme, à anses latérales cordelées, ornée sur toute la surface, de ? émaillée, en forme de ? et de bouton renfermant des graines de quartz blancs, terre rougeâtre. fabrique d'Estremoz (portugal)."" Donnée par Mr Achille Jubinal. entré dans les collections en mai 1858. ",sevres_terre cuite.csv,,,,,
MNC,"pas de num(terres cuites ""romaines"" )",10169_141 ? ,,,pâte blanche poreuse;  décor galçurée,faïence,galçurée + pâte blanche poreuse,FALSE,vase ajourée décoratif,decorative openwork vase,XX,TRUE,156 (?),Chine (?) {Asie} (ou imitation européenne),China {Asia},TRUE,16,la base entière et le pourtour du col entier : entre 6 et 8 cm ; 1 fragment de la panse entre 6 et 8 cm aussi ; 4 entre 4 et 6 cm ; 5 entre 4 et 2 cm ; 4  de 2 cm ou moins ,"14,4 cm de hauteur ; 8 cm de diamètre ; base quadrangulaire de 6,5x6,5 cm",,"0,15",15,fragmentaire et lacunaire ; nombreux éclats un peu partout laissant voir la pâte blanche poreuse ; rayures au niveau de la base (ressort plus car couleur plus foncé que le reste du vase) ; ,"numéro d'inventaire difficile à déchiffrer, ne correspond à celui sur le sachet (celui du sachet correspond à un autre objet d'après la base de donnée du musée mais n'est pas là …); le sachet contient également les fragments de ce qui semble être l'anse d'un autre objet (peu être confusion dû à la conleur de la glaçure assez similaire). description dans l'inventaire qui ne correspond pas ",sevres_terre cuite.csv,,,,,
MIC,,"1238,1","1238,1","1238,1 (1).JPG
1238,1 (2).JPG
1238,1 (5).JPG",pâte siliceuse [faïence],faïence,pâte siliceuse,FALSE,lampe (?) ; Brûloire à encens parfum (?),lamp (?) ; incense burner for scented incense (?), V-VII,TRUE,MED,{Europe} (Production romaine ou byzantine ?) ,{Europe} (Roman or Byzantine production?),TRUE,5,"1 très gros  environ 26 cm de diamètre, et les autres assez gros aussi environ 10 cm de long","entre 26 et 30 cm de diamètre (profil archéo incomplet), environ 10 cm de h",lourd,entre 30 et 40%,30-40,"clocage de la surface importante, fonte de la glaçure, au revers écaillage, incrustations de dépôts pulvérulent dans le revêtement (fusion des deux), par endroit clocage important avec couche superficielle très fine et trouée. ",,faenza_pâte siliceuse .csv,,"cette objet provient de la vitrine du vieux musée d'avant guerre. Dans l'inventaire il est désigné comme ""porte-fruit"" romain. Erreur  d'appelation, anacrhonisme. ",,,
MIC,,"5723,1","5723,1","5723,1 (1).JPG
5723,1 (5).JPG",pâte siliceuse [faïence],faïence,pâte siliceuse,FALSE,bol,bowl,- 1550 - 1286,FALSE,818,"Egypte {Afrique, Nord} (XVIIIe dynastie)",Egypt {North Africa} (18th dynasty),FALSE,15,"2 plus de 6 cm, 5 entre 4 et 6 cm, 6 entre 4 et 2, 2 mois de 2 cm","12,5 cm de diamètre 4 cm de h",,"0,5",50,traces de  noircissements mais aussi de rouge. Oxydation ? ,,faenza_pâte siliceuse .csv,,"objet déjà très lacunaire avant le bombardement (profil archéo complet mais moitié manquante), pâte de couleur bleu ",,,
MIC,,"2963,1 ou 2964,1 ou 2965,1",,"2963,1-2965,1 (10).JPG
2963,1-2965,1 (11).JPG
2963,1-2965,1 (12).JPG
2963,1-2965,1 (7).JPG",pâte siliceuse [faïence],faïence,pâte siliceuse,FALSE,brique,brick,- VI,FALSE,364,Iran {Asie} (Achéménide),Iran {Asia} (Achaemenid),FALSE,5,très gros : entre 10 et 14 chacun,"hauteur 8,5-9 cm, un ensemble de 3 briques de 33 cm de Long, largeur 12 cm ",lourd ,3 briques quasi complètes ,10-15,"noircissements des décors vitrifiés, rouge identique au bol éguptien également sur deux des briques. Craquelures des décors, porosité +++ de la matière et éffritements +++ à manipuler avec précaution",,faenza_pâte siliceuse .csv,,"briques du palais de Darius à Suse, dépôt du musée du Louvre. Exemple non endommagé post guerre exposés dans les collections permanentes du musée.",,,
MIC,,"2963,1 ou 2964,1 ou 2965,1",,"2963,1-2965,1 (10).JPG
2963,1-2965,1 (11).JPG
2963,1-2965,1 (12).JPG
2963,1-2965,1 (7).JPG",pâte siliceuse [faïence],faïence,pâte siliceuse,FALSE,brique,brick,- VI,FALSE,364,Iran {Asie} (Achéménide),Iran {Asia} (Achaemenid),FALSE,,,"2 briques 21,5 cm, largeur 12 cm ",, 1 compléte une lacunaire à 50-60 % ,<40,,,,,,,,
MIC,,"2967,1","2967,1","2967,1 (2).JPG
2967,1 (4).JPG",pâte siliceuse [faïence],faïence,pâte siliceuse,FALSE,brique d'angle,corner brick,-500,TRUE,368,Iraq {Asie} (Babylone),Iran {Asia} (Achaemenid),FALSE,2,"5,5 cm et 9 cm","6,5 h, largeur 8,5 cm ",,morceau d'une brique d'angle donc difficile de savoir le % lacunaire. ,(?),"les creux des parties gravés sont remplies de particules noires ( vitrification altérée ?), traces rouges commes les deux objets précédents (est-ce qu'on a un paterne des dégâts des pâtes siliceuses par le feu ?). ",,faenza_pâte siliceuse .csv,,"également dépôt du Louvre. Dans la lettre de donation d'avant guerre, la description parle d'une brique d'angle ""émailléé"". À l'heure actuelle aucun émail visible, mais entre l'envers et le revers on note un couleur différente. Matériau brut au verso et couche banche mais impégnée dans la matière au recto (émail ?). est-ce que l'émail a été bu, a disparu par le feu; ou description érronée à l'époque de son entrée dans les collections ? en tout cas dans les caractères cunéiformes traces de vitrifications carbonisés. ",,,
MNC,17,416__2,,416_2 (6).JPG,céladon [grés],grés,céladon,FALSE,gobelet [décors en relief],goblet [with raised decoration],(?),TRUE,156 (?),Chine {Asie} ,China {Asia},FALSE,19,"5 cm ou plus, 6 entre 5 et 3 cm, le reste 3 cm ou moins ","8 cm de haut , 9cm de diamètre ",,moins de 10 %,<10,"éclats sur les lèvres, un fragment flottant ","inventaire historique : ""deux tasses, forme de fleur de ?, grand craquelé céladon; Ancienne fabrication"" entrée dans les collections en 1806. ",sevres_grès .csv,,,,,
MNC,16,16868,16868,,grès,grés,,FALSE,bouteille ,bottle,(?),TRUE,56,Belgique {Europe},Belgium {Europe},FALSE,,,,,difficile à remonter ,(?),,"Gravé en dessous ; Grès Keram ; Anciennes étiquettes ; 88 bis & Vase n˚ 984 n°924 Les Biches Unn.Unn. Inventaire historique : "" Grès cérame. Vase ? ? Noir sur fond gris ? ? Fabrique de La Louvière (Belgique). """,sevres_grès .csv,,,,,
MNC,32,10169_665,10169_665,"10169_665 (10).JPG
10169_665 (2).JPG
10169_665 (3).JPG
10169_665.JPG",céladon [grés] ; métal,mixte (grés + métal),céladon,FALSE,jatte,ewer,XIX,TRUE,156 (?),Chine (?) {Asie},China {Asia},TRUE,46,"2 entre 16 et 14 cm, 3 entre 8 et 10 cm, 4 entre 6 et 4 cm, 14 entre 4 et 2 cm, 21 entre 2 et 0 cm ","18 cm  de long, 20 cm de large , 11,5 cm de hauteur ",,15-20 %,15-20,"encrassement, lacunes, traces de l'ancienne étiquette sous la base ","bcp de manque dans la masse, pb d'adhérence de la glaçure ? Étrange vue la nature de l'objet/ décors avec différentes techniques deux frises mattes (avec décors en relief mais aussi gravé) ",sevres_grès .csv,,,,,
MNC,32,10169_483,10169_483,10169-483 (7).JPG,céladon [grés]; métal,mixte (grés + métal),céladon,FALSE,vase,vase,XIX,TRUE,156 (?),Chine (?) {Asie},China {Asia},TRUE,64,"1 entre 16 et 18 cm, 9 entre 10 et 8 cm, 7 entre 8 et 6 cm, 10 entre 6 et 4 cm, 27 entre 4 et 2 cm, 10 entre 2 et 0cm","20 cm de haut , 21,5 cm longeur, 19 cm de large. ",,15-20%,15-20,"encrassement, lacunes, 2-3 pts d'impactes possibles, ",techique de décor mixte comme le précédent partie en frise non glaçuré avec décors en reliefs et d'autres gravés ,sevres_grès .csv,,,,,
MNC,32,10169_45,10169_45,"10169-45 (2).JPG
10169-45 (3).JPG",céladon [grés] ; métal,mixte (grés + métal),céladon,FALSE,vase,vase,XIX,TRUE,156 (?),Chine (?) {Asie},China {Asia},TRUE,9,"2 entre 12 et 14, 3 entre 6 et 4 cm, 2 entre 4 et 2 cm, 2 moins de 2 cm","24,5 cm de haut, 15 cm de large , 13 cm de long ",,presque complet il manque une des anses en forme de lion (moins de 10%),<10,"encrassement, tressaillage , éclats ",,sevres_grès .csv,,,techique de décor mixte comme le précédent partie en frise non glaçuré avec décors en reliefs et d'autres gravés ,,
MNC,32,10169_513,10169_513,"10169-513 (3).JPG
10169-513 (6).JPG",céladon [grés] (?),grés,céladon,TRUE,vase à goulot ,vase with narrow neck,XIX,TRUE,156 (?),Chine (?) {Asie},China {Asia},TRUE,11,"1 entre 14 et 16 cm, 1 entre 10 et 8 cm, 3 entre 4 et 6 cm, 4 entre 4 et 2 cm, 2 moins de 2 cm ","17 cm de haut, 12 cm de diamètre ",,"0,15",15,"encrassemnt, éclat sur la lévre, fêle au niveau du goulot, trace de l'ancienne étiquette sous le pied ",,sevres_grès .csv,,,,,
MNC,38 ( porte le numéro 427),8283,8283,"8283 (13).JPG
8283 (14).JPG
8283 (18).JPG",grès [salé],grés,salé,FALSE,cruche,jug,XVII,TRUE,276,Allemagne {Europe},Germany {Europe},FALSE,13,"1 entre 14 et 16 cm, 1 entre 12 et 14, 3 entre 8 et 10 cm, 2 entre 6 et 8 cm, 4 entre 4 et 2 cm, 2 moins de 2 cm. ","22 cm de haut, 16 cm de long, 14 cm de large ",,environ 30%,30,"très lacunaire, décollement de la glaçure, point d'impact visible, tesson flottant sans connexion avec les autres (est-ce qu'il faut parti de l'objet ?), traces de plâtre (ancienne resto ? Donc déjà lacunaire ?)","portrait en médaillon avec inscription en latin LVDOVICUS X(illisible mais probablement LOUIS XIV) ANCIAE. ETN: REX.CHR.1679 = correspond à la date de rattachement de l'Alsace au royaume de France. Inventaire hist. : Grès Cérame. Fabrique de Höhr Grenzhausen (Duché de Massau) 1679. Cruche ovaoïde basique à col cylindrique émaillée fond bleu à ornement et rosaces réhaussés de violet. Sur la face est le portrait du roi Louis XIV entouré de l'inscription suivante : Ludovicus XIIII Franciae et N(avarra) Rex Chr(istianissimus) 1679. Le monogramme du fabricant composé des lettres PR se trouve à la base du cartouche qui entoure le buste royal. Haut : 21 cm ; Diam 0,147 (surface et partie du col restaurés). Cette pièce a été vendue en 1882 aux environs de Cany (Seine-Inférieure)"" entrée dans les collections en 1883. ",sevres_grès .csv,,,,,
MNC,38 ( porte le numéro 427),7148,7148,"7148 (12).JPG
7148 (2).JPG
7148 (5).JPG",grès [salé]; métal ,mixte (grés + métal),salé,FALSE,chope à bière ,beer mug,XVII,FALSE,276 (?); 528 (?); 826 (?),Allemagne (?); Hollande(?); Angleterre (?) {Europe} (étiquette avec écrit fabrication Hollandaise barrée et corrigée Coblence ? Illisible),Germany / Netherlands / England (?) {Europe} (label with “Dutch manufacture” crossed out and corrected to “Coblence”? Illegible),TRUE,36,"1 entre 14 et 16 cm, 2 entre 12 et 14 cm, 1 entre 10 et 12 cm, 7entre 8 et 6cm, 15 entre 6 et 4, 8entre 4 et 2 cm, 2 moins de 2 cm","22 cm de haut , 16 cm de Long, 12 cm de large (diamètre)",,"0,3",30,"lacunaire, encrassement, éclats, corrosion de la partie métallique (pulverulence rouge = présence de produit de corrosion de ferreux donc alliage avec du fer )","ancienne étiquette sous le pied : ""Grès Céram Fabrication Hollandaise fin du XVIIe siècle. Monsieur Monvoisin, vendeur."" Hollandaise barré et remplacé par une autre inscription au crayon vert = Coblence ? Difficile à déchiffrer? Description dans l'inventaire historique : ""Grès cérame. Cruche à anse basée, de forme sphérique à collet cylindrique muni d'un couvercle à charnière en fer battu. Pâtes gris-jaunâtre ; décoration gravée à la pointe et formant une bande de damier émaillée en beu entre deux frises de rinceaux se détachant sur un fond d'émail bleu ; sur la face antérieue un écusson obtenu par estampage et reproduisant au-dessous ? couronne royale les lettres GR émaillées en bleu et entourées d'ornements en relief, monogramme de Georges 1er roi d'Angleterre. Le collet orné de petites stries parallèles verticales est recouvert d'émail brun. Haut : 20cm. Diam : 16cm.""  la colonne observation contient d'autres infos illisibles. Donc grès anglais ou allemand ? date d'entrée dans les collections 1876. ",sevres_grès .csv,,,,,
MNC,23,1200_4,1200_4,"1200_4 (1).JPG
1200_4 (19).JPG
1200_4 (7).JPG
1200_4 (8).JPG",celadon [grés] ; bronze,mixte (grés + métal),céladon,FALSE,vase bouteille,vase-bottle,XVII - XVIII,FALSE,156,Chine {Asie},China {Asia},FALSE,6,"2 parties pour la panse et la base très gros fragments : 1 20x21 cm Lxl, 1 18x19cm Lxl, 1 col 18 cm L, 2 moyens fragments : 1 10 cm L, 1 7 cm L et un petit fragment moins de 2 cm","40cm h, 22 cm de diamètre",,moins de 10%,<10,"point d'impact visible petit trou sur la panse, avec autour lignes de cassures principales et fissures importantes, petits éclats sur le dragon et éclats le long des cassures","plutôt bon état de conservation, peut-être traces d'anciennes restauration sur dragon ? Deux fissures avec traces de ce qui ressemble à des retouches (léger ressauts).féles de cuisson.Inventaire hist. : fait partie d'une donation de 8 objets désignés comme porcelaine de chine pour le 1200-4 : "" grande bouteille burso-sphéroïde ; émail céladon verdâtre. Une salamandre à queue bifurquée en haut relief enlace le goulot, des tâches rougeâtres et verdâtres , le fond ? sur quelques parties de la surfaces : (cercles bronze doré, époque Louis XIV) ; h 0,40 ; fabrication du XVIIe siècle ; provenance des magasins du Musée Royal donné par Mr Alphonse de Cailleux ; ?"". date d'entrée dans les collections en 1829. ",sevres_grès .csv,,,,,
MNC,37,10169-437,,,Porceclaine [dure],porceclaine,dure,FALSE,vase ,vase,XIX,TRUE,156 (?),Chine (?) {Asie},China {Asia},TRUE,255 réparti  en 13 minnigrip ,"pour les gros tessons (+ de 8 cm de longueur) typologie plutôt allongées, et pointue (tranchant comme une lame) pour les plus petites tessons formes plutôt carré ou rectangulaire, pour les très petis morceaux (4 cm et en dessous ) forme plutôt triangulaire avc pointe et tranchant comme pour les plus grand tessons ","col 15 cm de D, base 13 cm de D, Hauteur ? Largeur ?",,"0,1",10,"empoussièrement, tressaillage, jaunissement (incrustation de la glaçure)",,sevres_porcelaine.csv,,"déjà reconditionné pdt le chantier roux spitz, trouver la photo correspondante dans le dossier avc les autres infos. Vu le nombres de fragments, pourrait s'agir d'un objet de taille importante, mais difficile de se rendre compte. Le % lacunaire malgré le nombre de fragment est faible (porcelaine dure bon signe).",,,
MNC,17,393,393,"393 (1).JPG
393 (10).JPG
393 (9).JPG",Porceclaine [dure],porceclaine,dure,FALSE,vase ,vase,XIX,TRUE,156 (?),Chine (?) {Asie},China {Asia},TRUE,36,majorité de fragments en formes de lames,"19 cm de haut, 7 cm de diamètre",,"0,15",15,"empoussièrement, éclats, petites lacunes un peu partout : panse, pied. Deux points d'impacts visibles sur la panse",,sevres_porcelaine.csv,,,,,
MNC,17,353,353,"353 (1).JPG
353 (2).JPG",Porceclaine [dure] ,porceclaine,dure,FALSE,tasse à vin chaud,cup for mulled wine,XVII - XVIII,TRUE,156,Chine {Asie},China {Asia},FALSE,2,"cassure en biais à la moitié environ, donc deux ""gos""fragments équivalents de 8 cm.","10, 2 cm  de long, 8,5 cm de large, 1,3 cm de haut;",,moins de 10% ,<10,,,sevres_porcelaine.csv,,"juste un manque sur le bord supérieur. Inventaire historique : ""porcelaine de Chine ; petite tasse à vin chaud à quatre lobes, décor bleu sous couverte : figures, ?, à l'anvers inscriptions rapportant qu'elle a été fabriquée dans la salle (la maison) de la source du bonheur."" entrée dans les collections en 1806. ",,,
MNC,17,362_4,362_4,"362_4(1).JPG
362_4(6).JPG",Porceclaine [dure],porceclaine,dure,FALSE,petite fiole,small vial,XIX,TRUE,156 (?),Chine (?) {Asie},China {Asia},TRUE,2,"cassure en biais à la base du col, 1 morceau 2 cm et un morceau 4 cm ","6,4 cm de haut, 3cm de diamètre.",,complet,0,"deux éclats sur le col, et deux à la base",,sevres_porcelaine.csv,,dépôt du louvre ?,,,
MNC,17,345,,"345 (13).JPG
345 (9).JPG",Porceclaine ,porceclaine,,FALSE, tasse ,cup,XVIII,FALSE,156 (?),Chine (?) {Asie},China {Asia},TRUE,3,"tasse 3 morceaux : la tasse presque compléte 5 cm, deux morceaux plus petits 2 cm. ","soucoupe 9,7 cm de diamètre, 2 cm de haut. Tasse : 3 cm de haut et 5,5 cm de diamètre ",,"tasse presque complète juste un éclat, ",<5,"encrassement, éclats, fêles",,sevres_porcelaine.csv,,"la forme ouverte (soucoupe) est plus lacunaire que la tasse (forme fermée), ? Pq ? Est-ce que pcq un esemble et le choc de l'un contre l'autre à fait se dégrader plus la soucoupe ? Ou alors la soucoupe a protégé un peu la tasse dans la chute ? Inventaire historique : ""Porcelaine de Chine ; autre petite tasse à vin chaud de même forme ; décor fleural et treillis en camaïeu de rouge. XVIIIe siècle"". Entrée dans les collections en 1806. ",,,
MNC,17,345,,"345 (13).JPG
345 (9).JPG",Porceclaine ,porceclaine,,FALSE,soucoupe,saucer,XVIII,FALSE,156 (?),Chine (?) {Asie},China {Asia},TRUE,7,"Soucoupe : 7 morceaux. 2 entre 8 et 10 cm, 1 entre 5 et 6 cm, 2 entre 2 et 4 cm, deux 2 cm ou moins. ",,,soucoupe lacunaire à 30%,<30,,,,,,,,
MNC,17,391,391,"391 (1).JPG
391 (6).JPG",porcelaine [dure],porceclaine,dure,FALSE,gobelet,goblet,XIX,TRUE,156 (?),Chine (?) {Asie},China {Asia},TRUE,21,"3 gros fragments de plus de 8 cm, et les autres plus petits et pointus ","11,5 cm de haut, 10,5 cm de diamètre",,moins de 10% ,<10,encrassement,,sevres_porcelaine.csv,,,,,
MNC,17,349,349,"349 (1).JPG
349 (8).JPG",porcelaine [dure],porceclaine,dure,FALSE,corbeille,basket,before XVII,TRUE,156,Chine {Asie},China {Asia},FALSE,"49, une dizaine trop petits pour faire quoi que ce soit ","1 gros fragment (la base), et quelques autres fragments de plus de 5 cm. La partie en tressaillage très cassée (diffcile à remonter)","8 cm de haut, 11 cm de long, 8 cm de large",,difficile de savoir,(?),encrassement,,sevres_porcelaine.csv,,"ce genre de forme particulière pose question, et montre un peu les limites de cette méthode d'étude. Inventaire historique : ""Porcelaine de Chine ; Une petite corbeille pommiforme découpée à jour, munie d'une chainette en porcelaine détachée par fracture ; ancienne fabrication."" entrée dans les collections en 1806. ",,,
MNC,17,348_2,348_2,"348_2 (2).JPG
348_2 (9).JPG",porcelaine [tendre],porceclaine,tendre,FALSE,théière,teapot,XIX,TRUE,156 (?),Chine (?) {Asie},China {Asia},TRUE,11,"1 plus de 10 cm, 3 plus de 5 cm, 3 entre 5 et 3 cm, 4 moins de 3 cm","13 cm de haut, 10,5 Long, 8 cm de large",, presque complet ,0-5,"encrassement, éclat sur la lévre",,sevres_porcelaine.csv,,"forme rare pour l'instant pas bcp de théière, décors moulés en reliefs, bonne état pour de la porcelaine tendre, deux étiquettes d'époque;",,,
MNC,17,377_1,377_1,,porcelaine [dure],porceclaine,dure,FALSE,magot d'applique,applique figurine,XVII - XVIII,TRUE,156,Chine {Asie},China {Asia},FALSE,15,"1 16,5 cm, 4 entre 8 et 5, 6 entre 3 et 5 cm, 4 3cm et moins","25 cm de long 12 cm de long, 7 cm de large",,environ 10%,10,"encrassement, éclat sur la main, quelques lacunes sur les jambes",,sevres_porcelaine.csv,,"forme rare pour l'instant pas bcp de statuettes décoratives. Inventaire historique : "" Porcelaine de Chine ; Deux magots d'applique portant chacun un vase ? Destiné à recevoir une petite fleur. Haut : 0,24."" entrée dans les collections en 1806.  ",,,
MNC,17,377_2,377_2,"377_2 (1).JPG
377_2 (3).JPG",porcelaine [dure],porceclaine,dure,FALSE,magot d'applique,applique figurine,XVII - XVIII,TRUE,156,Chine {Asie},China {Asia},FALSE,3," 1 de plus de 15 cm, 8 de 8 et un de 5","25 cm de long , 12 cm de long, 7 cm de large",,complet,0,encrassement,,sevres_porcelaine.csv,,"paire de l'autre au dessus, une pair symétrique.",,,
MNC,17,429,429,"429 (18).JPG
429.JPG",porcelaine [dure],porceclaine,dure,FALSE,figurine,figurine,XIX,TRUE,156 (?),Chine (?) {Asie},China {Asia},TRUE,4,"1 de 12 cm, et 3 petits de moins de 3 cm","12, 5 cm de haut ; 8 cm de large, 10 cm de long",,complet,0,encrassement,,sevres_porcelaine.csv,,"c'est le bol tenu dans la main du vieux qui cassé, donc probablement une chute de qqch, ou projection sur cette endroit",,,
MNC,17,371,371,"371 (1).JPG
371 (2).JPG
371 (7).JPG",porcelaine [dure],porceclaine,dure,FALSE,bouteille pour conserver le thé,tea storage bottle,XVII -XVIII,TRUE,156,Chine {Asie},China {Asia},FALSE,18,"6 8 cm, 7 entre 5 et 8 cm, 5 moins de 3 cm","17cm de haut , 8,4 cm de diamètre ",,"0,2",20,"encrassement, pb d'adherence du décor galçuré à certains endroits ",,sevres_porcelaine.csv,,"le bleu des fleurs surtout, manquant, lacunaire, (certains décors semblent avoir été fait antérieurement à la création à la peinture à l'huile façon restau XIXe). Deux points d'impacts visibles. Inventaire historique : porcelaine de Chine ; autre bouteille de conserve pour le thé, forme cylindrique oblongue, fond céladon, décor en émaux de couleurs : des oiseaux perchés sur un arbuste chargé de fleurs. haut : 0,16."" entrée dans les collections en 1806. ",,,
MNC,17,352,352,"352 (13).JPG
352 (14).JPG",porcelaine [dure],porceclaine,dure,FALSE,coupe à pied ; hanses,footed bowl with handles,before XVII,TRUE,156,Chine {Asie},China {Asia},FALSE,11,"2 plus de 8 cm, 2 entre 5 et 8, 4 entre 3 et 5cm, 3 moins 3 cm","9,5 de haut 13cm de diamètre ",,moins de 10%,<10,"plusieurs éclats sous le pieds, sous le pourtour de la panse et sur le col",,sevres_porcelaine.csv,,"inventaire historique : ""porcelaine de Chine; Autre écuelle en forme de bassin cylindrique, pied élevés ; anses carrés : décor à ramages en bleu sous couverte. Ancienne fabrication"" entrée dans les collections en 1806. ",,,
MNC,17,373,373,"373 (1).JPG
373 (2).JPG
373 (8).JPG",porcelaine ,porceclaine,,FALSE,vase ,vase,XVII - XVIII,TRUE,156,Chine {Asie},China {Asia},FALSE,49,"3 plus de 12, 6 entre 8 et 10cm, 6 entre 6 et 8 cm, 12 entre 6 et 4 cm, 10 entre 4 et 2 cm, 12 entre 2 et 0 cm","22cm haut, 12 cm de diamètre",,moins de 10%,<10,,,sevres_porcelaine.csv,quelques fragments manquants sur le col + deux pts d'impacts sur la panse avec manque + empoussièrement fort et dvlpp de micro-organismes à l'intérieur.,"bcp de typo de fragments différents sur ce vase : des pointus et des rectangulaires. Un ou deux points d'impact visibles. Inventaire historique : ""porcelaine de Chine ; autre de vase de même forme en porcelaine mince : ? De figures représentant une scène d'intérieur. haut : 0,21; XVIIe-XVIIIe siècle."" entrée dans les collections en 1806. ",,,
MNC,37,10169_259,10169_259,"10169_259 (1).JPG
10169_259 (4).JPG
10169_259 (7).JPG",porcelaine [dure] ; dorure peinte,porceclaine,dure + dorure,FALSE,vase à goulot,vase with narrow neck,XIX,TRUE,156 (?),Chine (?) {Asie},China {Asia},TRUE,31,"2 plus de 10 cm, 4 entre 8 et 6 cm, 3 entre 6 et 4 cm, 12 entre 4 et 2 cm, 10 entre 2 et 0 cm (3 petits moins de 1 cm)",21 cm de haut et 10 cm de diamètre,,entre 10 et 20%,10-20,,,sevres_porcelaine.csv,"encrassement, pb d'adhérence du décor sur le pourtour de la panse (décor peint pas cuit) et idem pour le décor doré sur le goulot très fragile ",,,à manipuler avec précaution à cause des décors peints pas cuit,
MNC,35,1201,1201,"1201 (1).JPG
1201 (4).JPG",porcelaine [dure],porceclaine,dure,FALSE, plat,plate,XIX,TRUE,392,Japon {Asie} ,Japan {Asia},FALSE,22,"3 plus de 20cm, 1 entre 18 et 20 cm, 1 entre 18 et 16 cm,1 entre 12 et 14 cm, 4entre 12 et 10 cm, 9 entre 10 et 8 cm, 6 entre 8 et 6 cm, 15 entre 6 et 4 cm, 32 entre 4 et 2 cm, 12 entre 2 et 0 cm. ","39,5 cm de diamètre ",,un quasi complet (lacunaire moins de 10 %) et l'autre quelques lacunes mais pareil mois de 10%),<10,"encrassement, éclats traces d'anciennes restau (plâtres) ",,sevres_porcelaine.csv,,"anciens systèmes d'accroche murale encore présent sur les deux, anciennes étiquettes recto et verso, point d'impact visible sur un des deux. Anciennes pochettes papier kraft du premier tri après le bombardement avec écriture à la plume encre on peut lire ""plat"" et 'porcelaine"". Inventaire historique : Porcelaine du Japon. Quatorze plats ronds de diamètre et décor variés (à savoir) : huit plat moyen de 0,39 décor polychrome et or. ? frise à ramage sur fond d'or, avec armoiries : dans le ? rameaux serpentant, en camaïeu bleu réhaussé d'or."" entrée dans les collections en 1829.",,,
MNC,35,1201 (bis),,,porcelaine [dure],porceclaine,dure,FALSE,plat,plate,XIX,TRUE,392,Japon {Asie} ,Japan {Asia},FALSE,62,,"39,5 cm de diamètre ",,quelques lacunes mais pareil mois de 10%),<10,,,sevres_porcelaine.csv,,,,,
MNC,21,6484_2,6484_2,"6484-2 (10).JPG
6484-2 (12).JPG
6484-2 (4).JPG",porcelaine [dure],porceclaine,dure,FALSE,bol ,bowl,XVIII,FALSE,156,Chine {Asie},China {Asia},FALSE,7,"1 plus de 10 cm, 1 entre 8 et 10 cm, 4 entre 8 et 6 cm, 1 entre 6 et 4 cm ","15 cm de diamètre et 7,5 cm de haut ",,moins de 10%,<10,"encrassement et dégradation bio logique (concression maritime + deux coquilles ), un manque sur la lèvre ",,sevres_porcelaine.csv,,"étiquette en dessous qui fait état de son aspect archéo maritime, découver en Suéde en 1867, traces d'anciennes restos sur les coquilles (traces de colles, type gomme laque ?). Inventaire historique : porcelaine de la chine : un bol hémisphérique avec large plateau, fond brun chamois au grand feu, décorés d'un et l'autre à l'intérieur du bafsin de fleurages et de frises circulaires quadrillés, en camaïeu bleu. Nota. les pièces ont fait partie du chargement d'un navire de la compagnie Suédoise des indes orientales, qui sombra en arrivant à destination dans le port de Gottenbourg en 1745, où elles demeurèrent ensevelies jusqu'en 1864, époque où un négociant de la ville les en fit retirer ; rapporté et donné par Mr le compte Axel Bielke."" entrée dans les collections en septembre 1867. ",,,
MNC,4,10169_372,10169_372,"10169-372 (1).JPG
10169-372 (3).JPG",porcelaine [tendre (?)],porceclaine,tendre,TRUE,vase,vase,XIX,TRUE,156 (?),Chine (?) {Asie},China {Asia},TRUE,13,"3 entre 16 et 18 cm, 2 entre 8 et 10 cm, 5 entre 6 et 8 cm, 3 entre 6 et 4 cm","26, 5 cm de haut et 8 cm de diamètre ",,moins de 10%,<10,"encrassement, lacunes col et éclats panse ",,sevres_porcelaine.csv,,"deux anciennes étiquettes sous le pied, concernant la nature de la pâte = test de la goute d'eau absorbe donc matériau poreux. ",,,
MIC,,"3460,1 -3500,1 (1)",,"3460,1-3500,1 (2).JPG
3460,1-3500,1 (7).JPG
3460,1_3500,1 (1).JPG",maiolica [faïence],faïence,maiolica,FALSE,carreau de pour panneau mural ,tile for wall panel,XVII,FALSE,528,Pays-Bas {Europe},Netherlands {Europe},FALSE,7,Tailles variées en tous allant de 10 cm à 2 cm,13 cm de côté,,variable moins de 5% à plus de 60 %,<5,"noircissements et reflets métalliques visible sur la glaçure, concressions d'autres éléments exogènes par fusion des révêtements, cassés collés presque tous, craquelures du revêtements pour les morceaux les plus brûlés.",,faenza_Faïence-maiolica.csv,,à l'origine panneau entier de plusieurs dizaine de ces carreaux. Nous avons sélectionner seulement un échantillon représentatif pour ne pas tous les étudier. ,,,
MIC,,"3460,1 -3500,1 (2)",,"3460,1-3500,1 (2).JPG
3460,1-3500,1 (7).JPG
3460,1_3500,1 (1).JPG",maiolica [faïence],faïence,maiolica,FALSE,carreau de pour panneau mural ,tile for wall panel,XVII,FALSE,528,Pays-Bas {Europe},Netherlands {Europe},FALSE,7,,13 cm de côté,,,10-20,,,,,,,,
MIC,,"3460,1 -3500,1 (3)",,"3460,1-3500,1 (2).JPG
3460,1-3500,1 (7).JPG
3460,1_3500,1 (1).JPG",maiolica [faïence],faïence,maiolica,FALSE,carreau de pour panneau mural ,tile for wall panel,XVII,FALSE,528,Pays-Bas {Europe},Netherlands {Europe},FALSE,4,,13 cm de côté,,,15-20,,,,,,,,
MIC,,"3460,1 -3500,1 (4)",,"3460,1-3500,1 (2).JPG
3460,1-3500,1 (7).JPG
3460,1_3500,1 (1).JPG",maiolica [faïence],faïence,maiolica,FALSE,carreau de pour panneau mural ,tile for wall panel,XVII,FALSE,528,Pays-Bas {Europe},Netherlands {Europe},FALSE,2,,13 cm de côté,,,>50,,,,,,,,
MIC,,"3460,1 -3500,1 (5)",,"3460,1-3500,1 (2).JPG
3460,1-3500,1 (7).JPG
3460,1_3500,1 (1).JPG",maiolica [faïence],faïence,maiolica,FALSE,carreau de pour panneau mural ,tile for wall panel,XVII,FALSE,528,Pays-Bas {Europe},Netherlands {Europe},FALSE,5,,13 cm de côté,,,<25,,,,,,,,
MIC,,"343,1","343,1","343,1 (16).JPG
343,1 (2).JPG
343,1 (3).JPG
343,1 (8).JPG",maiolica [faïence],faïence,maiolica,FALSE,soupière,soup tureen,XVII,FALSE,380,Italie {Europe},Italy {Europe},FALSE,17,globalement entre 6 et 8 cm et quelques petits fragments de moins de 2 cm. ,"d'après le duplicat n°14571 en vitrine h 19,5 et 25x27",,plus 70%,>70,"très lacunaire, fonte du smalte, changement de couleur des décors ",,faenza_Faïence-maiolica.csv,,"duplicat présenter dans la vitrine du musée, avec le même sceau visible, permet de savoir qu'à l'origine le décor était bien vert et par bleu. ",,,
MIC,,"410,1 ou SN_Alberghi",,"410,1 (ou SN Alberghi) (1).JPG
410,1 (ou SN Alberghi) (3).JPG",maiolica [faïence],faïence,maiolica,FALSE,porte-œufs sur pied,standing egg holder,XVIII,FALSE,380,Italie {Europe},Italy {Europe},FALSE,entier ,,"21 cm de diamètre, 10 cm de h",,entier,0,"fusion du revêtement, élèments exogènes incrustés, noircissements, déformation +++",,faenza_Faïence-maiolica.csv,,"objet rare, déformation étrange, on dirait qu'il a été cassé en deux et refusionné par la chaleur mal positionné",,,
MIC,,"9630,1","9630,1","9630,1 (2).JPG
9630,1 (4).JPG
9630,1 (6).JPG",maiolica  [faïence],faïence,maiolica,FALSE,plaque dévotionnelle ,devotional plaque,XVIII,FALSE,380,Italie {Europe},Italy {Europe},FALSE,7,"1 entre 24 et 26 cm, 3 entre 12 et 14, 1 entre 14 et 16, 2 entre 10 et 12, ","34,5x27 cm ",,entier,0,"noircissement total du centre empêchant toute lisibilité du décor et de la figure centrale, morceau exogène de céramique assez gros (13 cm) pris dans la glaçure et fusé avec le reste; craquelure profondes ",,faenza_Faïence-maiolica.csv,,"le jaune dans la partie basse est intact, c'est là qu'est écrit le titre et l'œuvre et qui a permis de l'identifier dans l'inventaire historique. Sans ça impossible vu l'état",,,
MIC,,"1185,2","1185,2","1185,2 (6).JPG
1185,2 (9).JPG",maiolica  [faïence],faïence,maiolica,FALSE,coupe sur pied,footed bowl,XX,FALSE,380,Italie {Europe} (manufacture Ginori),Italy {Europe} (Ginori manufacture),FALSE,17,"diverses tailles allant de plus de 10 cm à 2 cm, difficle à mesurer car arrondie et déjà cassé/collé","h 12 cm sans le pied (partie manquante entre la base du pied et la base de la coupe donc incertitude sur la taille), largeur du col 15 cm",,"0,3",30,"noircissement complet de certains fragments mais que sur la face externe, reflet métallique également visible, aspet ridés du revêtement un peu partout et présence d'éléments exogènes sur une petite partie. ",,faenza_Faïence-maiolica.csv,,,,,
MIC,,"4611,1","4611,1","4611,1 (1).JPG
4611,1 (2).JPG
4611,1 (5).JPG",maiolica  [faïence],faïence,maiolica,FALSE,albarello,albarello,XVIII,FALSE,380,Italie {Europe},Italy {Europe},FALSE,10,diverses tailles allant entre 12 et 10 cm à 4 cm; toute la base est compléte et en un seul morceau jusqu'à une hauter d'environ 1/3 du vase. ,"17 cm de haut, largeur 10 cm",,20-15 %,15-20,"noircissment complet de certaines partie comme l'objet du dessus, et que sur la face externe aussi. Effets métallique également présent avec des traces de rose sur le revêtement.",,faenza_Faïence-maiolica.csv,,,,,
MIC,,"4651,1","4651,1","4651,1 (1).JPG
4651,1 (8).JPG",maiolica [faïence],faïence,maiolica,FALSE,cafetière ,coffee pot,XVIII,FALSE,380,Italie {Europe} (production Faenza),Italy {Europe} (Faenza production),FALSE,13,diverses tailles allant entre 14 cm à 3 cm; toute la base est compléte et en un seul morceau jusqu'à une hauter d'environ 1/2  du vase sur le côté gauche.  ,19 cm de haut 14x ? cm L/l (pas d'anse pour la longueur difficile à dire),,"0,1",10,"noircissement seulement du fond blanc, tout le décor jaune est intact ",,faenza_Faïence-maiolica.csv,,cette particularité du jaune qui resisté visiblement à l'incendie a été observée dans d'autres céramiques de la même époque/production. Intéréssant à creuser. ,,,
MIC,,"669,1","669,1","669,1 (8).JPG
669,1 (9).JPG
669,1.JPG",Faïence [engobée ; sgraffito],faïence,engobée + sgraffito,FALSE,plat ,plate,XV,FALSE,380,Italie {Europe},Italy {Europe},FALSE,7,"entre 12-14 cm et 6-8 cm,  mois de 6 cm",24 cm de diamètre,,moins de 10%,<10,"noircissement, altérations et mauvaise lisibilité des décors, traces d'éléments de concréssions éxogènes prisonnières dans la matière. Noircissement +++ au revers aussi, effet ridé comme sur la plaque dévotionnelle;",,faenza_faïence engobée.csv,,,,,
MIC,,"10548,1-10565,1",,"10548,1-10565,1 (2).JPG
10548,1-10565,1 (6).JPG
10548,1-10565,1 (8).JPG",Faïence [engobée ;peinte],faïence,engobée + peinte,FALSE,cruche,jug,XIX,FALSE,642,Roumanie {Europe},Romania {Europe},FALSE,une trentaine (difficle à dire déjà cassé collé),différentes tailles allant de 10 cm à 2 cm ,"21 cm de h, 12,5 cm de large",,15-20%,15-20,"noircissements, altérations des décors en surface qui gêne la lisibilité, fragments éxogènes intégrés par fusion des revêtements. Sur quelques tessons, défaut d'adhérence à l'interface peinture/engobe, on voit que les décors peints sont partis pour ne laisser que l'engobe. Pq pas uniforme sur tout l'objet ?",,faenza_faïence engobée.csv,,,,,
MIC,,"382,1","382,1","382,1 (1).JPG
382,1 (13).JPG
382,1 (6).JPG",Faïence [engobée (?)],faïence,engobée,TRUE,pot à pharmacie,apothecary jar,XVII,FALSE,380,Italie {Europe} (Faenza),Italy {Europe} (Faenza),FALSE,"79, 48 pour les morceaux non recollés, pour les cassés collés 31 ",variés : morceaux de plus de 20 cm à 2 cm. Difficile de quantifier la proportions quand recollés.,"23 h (mais pas la hauteur max), largeur 22 (mais trop lacunaire pour être précis)",,"0,3",30,"noircissements, altérations des décors en surface, sur certains fragments traces d'éléments éxogènes et revêtements fondu. Sur d'autre fragment décor parti et engobe visible. ",,faenza_faïence engobée.csv,,,,,
MIC,,"1539,2 (caisse 21)",,"1539,2 (12).JPG
1539,2 (9).JPG
1539,2.JPG",terre cuite [vernissée],terre cuite,vernissée,FALSE,vase,vase,XX,FALSE,392,Japon {Asie} ,Japan {Asia},FALSE,30,"6 fragments plus de 18 cm, 6 entre 14 et 12 cm, 2 entre 12 et 10 cm, 9 entre 10 et 8 cm, 7 entre 4 et 2 cm","43, 5 cm de haut, 19 de diamètre ",,plus de 30%,>30,"traces de noircissements incrustés dans la pâte (brûlures), clocage de la glaçure, opacification, fragment exogène fusionné au niveau du col",,faenza_Terre cuite.csv,,"plus de la moiitiè de la base manquante = problème de stabilité, à manipuler avec précaution. Récollé. Contenu dans la vitrine 190 du musée avant guerre",,,
MIC,,"2308,1","2308,1","2308,1 (6).JPG
2308,1 (8).JPG",terre cuite,terre cuite,,FALSE,vase à panse ronde ,vase with rounded belly,- 1550 - 1186,FALSE,818,"Egypte {Afrique, Nord} ",Egypt {North Africa},FALSE,15,"2 fragments entre 12 et 14 cm, 1entre 10 et 8 cm, 3 entre 6 et 8 cm, 6 entre 4 et 2 cm, 2 moins de 2 cm ",trop fragmentaire pour savoir,,"difficile à dire, plus de 30%",>30,"déformation de la panse +++, recuisson traces de brûlures et de noicissement. Aspect  spongieux sur les bords de certaines parties brûlées.",,faenza_Terre cuite.csv,,,,,
MIC,,"7429,1","7429,1","7429,1 (6).JPG
7429,1 (7).JPG
7429,1 (8).JPG",terre cuite [peinte] ,terre cuite,peinte,FALSE,vase conique ,conical vase,IV-VII ,FALSE,818,"Egypte {Afrique, Nord}  (copte)",Egypt {North Africa} (Coptic),FALSE,1 (pas de fragments pas cassé),,"environ 32 cm de haut, largeur de l'ouverture en bas environ 20 cm (déformation surement pas la largeur originelle), et largeur de l'ouverture en haut 10 cm(mais cassée donc peut être moins)",,10-15% (mais déjà comme ça avant la guerre),10-15,"déformation de la base, effet spongieux comme l'autre avec bulle, noircissement. Traces de revêtements exogènes",,faenza_Terre cuite.csv,,"on dirait que certaine partie de la base sur sont cassée, déttachée puis refusionner (mais étrange pcq pas de  revêtement visible)",,,
MIC,,SN_Alberghi,,,terre cuite ,terre cuite,,FALSE,vase en forme de tête,head-shaped vase,XV - XVI,FALSE,604,"Pérou {Amerique, Sud} (culture Chimù)",Peru {South America} (Chimù culture),FALSE,1 (entier),,"7 cm de haut, 16 cm de large",,moins de 10%,<10,"petit manque à l'arriére entre la base et l'arrondie de la panse, légère traces de noircissements dérrière",,faenza_Terre cuite.csv,,"cet vase, a un duplicat post guerre. Le duplicat est noir alors que celui pré guerre est rouge. Possiblement changement de couleur par oxydation lors de l'incendie. Les traces de noir dérrière pourraient donc être éventuellement la couleur originelle. ",,,
MIC,,"4265,1","4265,1","4265,1 (1).JPG
4265,1 (7).JPG",terre cuite [vernissée],terre cuite,vernissée,FALSE,cratère,crater,- III,FALSE,380,Italie {Europe} (pouilles),Italy {Europe} (Apulia),FALSE,45 environ,taille variable quelques gros fragments et des plus petits. Difficile car déjà collés,"22,5 cm de haut, 28x26 l/L",,20%-25%,20-25,"déformations de certains tessons (rétrecissement de la matière de ces derniers ?) noircissements, brûlures des décors  en reliefs dans certaines parties.",,faenza_Terre cuite.csv,,"le retrécissement de certains tessons et pas d'autres pose question, cette particularité à aussi été observé sur un vase chinoir en porcelaine dure. Étrange à creuser.",,,
MIC,,"194,2","194,2","194,2 (2).JPG
194,2 (6).JPG",grès [salé],grés,salé,FALSE,cache pot,cachepot,XX ,FALSE,380,Italie {Europe} (manufacture Chini),Italy {Europe} (Chini manufacture),FALSE,environ 53 ( difficle car cassé collé),"variés : grand fragments de plus de 25 cm, et petits fragments de 2 cm ","h 20,5, diamète 28 cm",,"0,2",20,relativement  bonne état (est-ce que c'est dû à la composition particulière de la pâte ?) noircissements de qqls fragments mais sensiblement moins visible que sur d'autres type d'objet.,,faenza_Grès.csv,,,,,
MIC,,"2857,2","2857,2","2857,2 (1).JPG
2857,2 (17).JPG",grès [blanc],grés,blanc,FALSE,vase quadrangulaire,quadrangular vase,1938,FALSE,246,Finlande {Europe} (Helsingfore),Finland {Europe} (Helsinki),FALSE,30,"variés : beaucoup de fragments entre 5 et 10 cm, peu de très petits fragments de 2 cm ou moins. À cause la forme quadrangulaire forme particulière des fragment, bcp de long et pontus comme pour la porcelaine et cassure juste ap l'angle.","h 16,5 cm, 12,5 cm de côté ",,"0,1",10,"noircissements, fonte des décors du revêtement , éléments exogènes collés et pris dans le revêtement.",,faenza_Grès.csv,,deux pts d'impacts visibles ,,,
MIC,39,12584,12584,,Faïence ,faïence,,FALSE,Globe décoratif sur pied ;porte perruque,decorative globe on a stand; wig holder,XVIII,FALSE,250,France {Europe} (Nevers),France {Europe} (Nevers),FALSE,45,déjà recollé ,"21 cm de haut, 14 cm de diamètre ",,"0,35",35,"empoussiérement, traces d'adhésifs, vis au centre à l'intérieur corrodée, nombreux éclats",,sevres_Faïence.csv,,,,,"objet déjà remonté et recollé donc difficile de faire la typo des fragment, mais sur environ entre 40 et 50 fragements au mois au moins la moitié sont des tessons de petites tailles (entre 2 et 4 cm ou moins de 2 cm). Gors marquage au feutre en double sous le pied. Inventaire hist. : ""12584 Boule reposant sur piédouche (porte perruque) décor camaïeu bleu de trois médaillons de fleurs et feuillages. Haut 0,21 ; Don de Mr Pisani."" entrée dans les collections entre 1903 et 1910. "
MIC,39,20548,20548,"20548 (16).JPG
20548 (2).JPG
20548 (22).JPG",Faïence ,faïence,,FALSE,plat,plate,XVIII,FALSE,380,Italie {Europe},Italy {Europe},FALSE,33,"1 entre 18 et 20 cm, 3 entre 14 et 16 cm, 1 entre 12 et 14 cm, 5 entre 10 et 12cm, 4 entre 8 et 10 cm, 5 entre 6 et 8 cm, 4 entre 6 et 4cm, 6 entre 4 et cm, 4 moins de 2 cm","40 cm de long, 29 cm de large, 7 cm de haut",,moins de 10% avec la resto,<10,"encrassement, traces d'ancien adhésif, agrafes corrodés, traces d'anciennes retouches peinture à l'huile, comblement en plâtre sur un 10eme de l'objet ",,sevres_Faïence.csv,,,,," déjà restauré, donc difficile de savoir son état avant le bombardement mais si restauré à l'ialienne, alors probablement qu'à part la tranche en plâtre il était complet, ancienne étiquette à l'intérieur avec écrit Turin XVIIIe. Et au dos écriture Mili Fali (?) illisible. Inventaire hist. : "" Faïence de Milan, XVIIIe : grande cuvette ovale, contournée, décor polychrome de grand feu. Au marli, fleurs indiennes, oiseaux et insectes. Au fond cartouche contenant deux personnages dans un paysage architectural en camaïeu bleu et manganèse ; L 370mm; pièce trouvée au dépôt sans n°, très réparée, morceaux manquant, irréparable."" entrée dans les collections inconnue, mais potentiellement durant la guerre entre 1941 et 1943. (quelle était la politique d'acquisition du musée pendant la guerre ?). "
MIC,,"4187,1","4187,1","4187,1 (1).JPG
4187,1 (6).JPG",Terraglia,terraglia,,FALSE,cafetière,coffee pot,XVIII,FALSE,826,Angleterre {Europe},England {Europe},FALSE,1,cafetière entière manque juste l'anse et couvercle,"13 cm de haut, 15,5x9 cm l/L",,moins de 10 %,<10,"reflets métalliques comme ceux déjà observés sur la maiolica, mais ici autre matériau et vrmt sur la moitié sur une face entière de la cafetière. Avec reflets roses aussi",,faenza_terraglia.csv,,sous l'anse trace particulièrement brillante comme un métal lustré. ,,,
MIC,,SN_Alberghi,,,Terraglia,terraglia,,FALSE,porte huile,oil cruet,end of XVIII - beginning of XIX ,FALSE,380,Italie {Europe} (Faenza),Italy {Europe} (Faenza),FALSE,"plus de 100, difficile de dire avec précision car cassés/collés ","variétés mais on note bcp de très petits fragments de moins de 2 cm, et différentes formes complexes. (mais pcq forme de l'objet complexe, matériau tendre donc induit forcément un grand nombre de fragment). ","28 cm de haut, 23 x 10 cm L/l",,20-25%,20-25,"différents stades de noircissement (large choix), certains fragments avc reflets métalliques, certains fragments avc éléments exogènes fusés.",,faenza_terraglia.csv,,"dégradation de l'enemble très hétérogène, lecture particulièrement difficile; objet de forme complexe en deux partie avec des partie en 3D et d'autres en semi relief. ",,,
MIC,,"1615,2 (caisse 21)",,"1615,2 (11).JPG
1615,2 (13).JPG
1615,2 (17).JPG",porcelaine,porceclaine,,FALSE,vase,vase,XIX,FALSE,392,Japon {Asie} ,Japan {Asia},FALSE,66,un peu arrondi,"45 cm de haut, 20 cm de diamètre",,"0,1",10,"traces de brûles, noircissements de fragments entiers, clocage, perte du décor glaçurée, aspect granuleux des décors glaçurés en reliefs, coulure de la glaçure sur les tranches, fragments exogène qui a fusionné à l'intérieur du col. ",,faenza_porcelaine.csv,,difficile de dire la morphologie des fragments avec précisions a déjà été recollé. Provient de la vitrine 190 du musée avant guerre. ,,,
MIC,,SI _ v.190.1 (caisse 21),,,porcelaine,porceclaine,,FALSE,plat ,plate,1850,FALSE,392,Japon {Asie} ,Japan {Asia},FALSE,10,"2 entre 10 et 8 cm, 4 entre 8 et 6 cm, 4 entre 6 et 4cm ","18,5 cm de diamètre ",,"0,3",30,"traces de brûlures, aspect granuleux du décor en relief",,faenza_porcelaine.csv,,"provient de la vitrine 190 du musée d'avant guerre, mais pas visible précément sur la photo argentique car posé à plat, impossible de retrouver les numéros d'inventaires correspondant précisement à l'objet parmi les 11 autres similaires de la section; Don du comte de Tokyo au musée en 1927. (décor avec les tournesols)",,,
MIC,,SI _ v.190.2(caisse 21),,,porcelaine,porceclaine,,FALSE,plat ,plate,1850,FALSE,392,Japon {Asie} ,Japan {Asia},FALSE,19,"3 entre 8 et 10, 5 entre 8 et 6 cm, 5 entre 6 et 4 cm, 5 entre 4 et 2 cm","18,5 cm de diamètre ",,"0,4",40,"traces de brûlures, aspect granuleux du décor en relief",,faenza_porcelaine.csv,,"provient de la vitrine 190 du musée d'avant guerre, mais pas visible précément sur la photo argentique car posé à plat, impossible de retrouver les numéros d'inventaires correspondant précisement à l'objet parmi les 11 autres similaires de la section; Don du comte de Tokyo au musée en 1927. (motif avec la montagne en arrière plan)",,,
MIC,,SI _ v.190.3(caisse 21),,,porcelaine,porceclaine,,FALSE,plat ,plate,1850,FALSE,392,Japon {Asie} ,Japan {Asia},FALSE,15,"3 entre 12 et 10 cm, 3 entre 8 et 10 cm, 6 entre 8 et 6 cm, 3 entre 6 et 4 cm.","18,5 cm de diamètre ",,"0,2",20,"traces de brûlures, aspect granuleux du décor en relief",,faenza_porcelaine.csv,,"provient de la vitrine 190 du musée d'avant guerre, mais pas visible précément sur la photo argentique car posé à plat, impossible de retrouver les numéros d'inventaires correspondant précisement à l'objet parmi les 11 autres similaires de la section; Don du comte de Tokyo au musée en 1927. (motif avec pins parasols, celui avec le tessons complétement fondu)",,,
MIC,,SI _ v.190.4(caisse 21),,,porcelaine,porceclaine,,FALSE,plat ,plate,1850,FALSE,392,Japon {Asie} ,Japan {Asia},FALSE,16,"6 entre 8 et 6 cm, 5 entre 6 et 4 cm, 4 entre 4 et 2 cm, 1 moins de 2 cm","18,5 cm de diamètre ",,"0,2",20,"traces de brûlures, aspect granuleux du décor en relief",,faenza_porcelaine.csv,,"provient de la vitrine 190 du musée d'avant guerre, mais pas visible précément sur la photo argentique car posé à plat, impossible de retrouver les numéros d'inventaires correspondant précisement à l'objet parmi les 11 autres similaires de la section; Don du comte de Tokyo au musée en 1927. (décor avec les grosses fleurs style pivoines)",,,
MIC,,SI _ v.190.5(caisse 21),,,porcelaine,porceclaine,,FALSE,plat ,plate,1850,FALSE,392,Japon {Asie} ,Japan {Asia},FALSE,15,"3 entre 10 et 8 cm, 3 entre 8 et 6 cm, 6  entre 6 et 4 cm, 2 entre 4 et 2 cm, 1 moins de 2 cm ","18,5 cm de diamètre ",,"0,2",20,"traces de brûlures, aspect granuleux du décor en relief",,faenza_porcelaine.csv,,"provient de la vitrine 190 du musée d'avant guerre, mais pas visible précément sur la photo argentique car posé à plat, impossible de retrouver les numéros d'inventaires correspondant précisement à l'objet parmi les 11 autres similaires de la section; Don du comte de Tokyo au musée en 1927. (décor avec le fond avec des vagues stylisées avec des lignes ocres). ",,,
MIC,,SI _ v.190.6 (caisse 21),,,porcelaine,porceclaine,,FALSE,plat ,plate,1850,FALSE,392,Japon {Asie} ,Japan {Asia},FALSE,14,"1 entre 14 et 12cm, 1 entre 12 et 10cm, 3 entre 10 et 8 cm, 3 entre 8 et 6 cm, 3 entre 6 et 4cm, 3 entre 4 et 3 cm","18,5 cm de diamètre ",,"0,1",10,"traces de brûlures, aspect granuleux du décor en relief",,faenza_porcelaine.csv,,"provient de la vitrine 190 du musée d'avant guerre, mais pas visible précément sur la photo argentique car posé à plat, impossible de retrouver les numéros d'inventaires correspondant précisement à l'objet parmi les 11 autres similaires de la section; Don du comte de Tokyo au musée en 1927. (motif avec les grosses fleurs style roses au premier plan)",,,
MIC,,SI _ v.190.7 (caisse 21),,,porcelaine,porceclaine,,FALSE,plat ,plate,1850,FALSE,392,Japon {Asie} ,Japan {Asia},FALSE,23,"2 entre 10 et 8cm, 2 entre 8 et 6cm, 7 entre 6 et 4 cm, 12 e,tre 4 et 2 cm.","18,5 cm de diamètre ",,"0,15",15,"traces de brûlures, aspect granuleux du décor en relief",,faenza_porcelaine.csv,,"provient de la vitrine 190 du musée d'avant guerre, mais pas visible précément sur la photo argentique car posé à plat, impossible de retrouver les numéros d'inventaires correspondant précisement à l'objet parmi les 11 autres similaires de la section; Don du comte de Tokyo au musée en 1927. (décors avec mer et vague bleu au premier plan) ",,,
MIC,,SI _ v.190.8(caisse 21),,,porcelaine,porceclaine,,FALSE,plat ,plate,1850,FALSE,392,Japon {Asie} ,Japan {Asia},FALSE,10,"1 entre 12 et 10 cm, 7 entre 10 et 8 cm, 2 entre 4 et 2 cm","18,5 cm de diamètre ",,"0,1",10,"traces de brûlures, aspect granuleux du décor en relief",,faenza_porcelaine.csv,,"provient de la vitrine 190 du musée d'avant guerre, mais pas visible précément sur la photo argentique car posé à plat, impossible de retrouver les numéros d'inventaires correspondant précisement à l'objet parmi les 11 autres similaires de la section; Don du comte de Tokyo au musée en 1927. (décor avec lac et pins parasols)",,,
MIC,,SI _ v.190.9(caisse 21),,,porcelaine,porceclaine,,FALSE,plat ,plate,1850,FALSE,392,Japon {Asie} ,Japan {Asia},FALSE,20,"1 entre 14 et 12 cm, 2 entre 10 et 8 cm, 1 entre 8 et 6 cm, 11 entre 6 et 4 cm, 5 entre 4 et 2 cm","18,5 cm de diamètre ",,"0,15",15,"traces de brûlures, aspect granuleux du décor en relief",,faenza_porcelaine.csv,,"provient de la vitrine 190 du musée d'avant guerre, mais pas visible précément sur la photo argentique car posé à plat, impossible de retrouver les numéros d'inventaires correspondant précisement à l'objet parmi les 11 autres similaires de la section; Don du comte de Tokyo au musée en 1927. (motif avec biche sous le cerisier).",,,
MIC,,SI _ v.190.10(caisse 21),,,porcelaine,porceclaine,,FALSE,plat ,plate,1850,FALSE,392,Japon {Asie} ,Japan {Asia},FALSE,24,"5 entre 8 et 6 cm, 12 entre 6 et 4 cm, 6 entre 4 et 2 cm","18,5 cm de diamètre ",,"0,3",30,"traces de brûlures, aspect granuleux du décor en relief",,faenza_porcelaine.csv,,"provient de la vitrine 190 du musée d'avant guerre, mais pas visible précément sur la photo argentique car posé à plat, impossible de retrouver les numéros d'inventaires correspondant précisement à l'objet parmi les 11 autres similaires de la section; Don du comte de Tokyo au musée en 1927. (motif géometrique au centre en doré )",,,
MIC,,SI _ v.190.11(caisse 21),,,porcelaine,porceclaine,,FALSE,plat ,plate,1850,FALSE,392,Japon {Asie} ,Japan {Asia},FALSE,15,"2 entre 10 et 8 cm, 6 entre 8 et 6 cm, 4  entre 6 et 4 cm, 3 entre 4 et 2 cm","18,5 cm de diamètre ",,"0,1",10,"traces de brûlures, aspect granuleux du décor en relief",,faenza_porcelaine.csv,,"provient de la vitrine 190 du musée d'avant guerre, mais pas visible précément sur la photo argentique car posé à plat, impossible de retrouver les numéros d'inventaires correspondant précisement à l'objet parmi les 11 autres similaires de la section; Don du comte de Tokyo au musée en 1927. (motif avec la petite maison en bas)",,,
MIC,,SI _ v.190.12(caisse 21),,,porcelaine,porceclaine,,FALSE,plat ,plate,1850,FALSE,392,Japon {Asie} ,Japan {Asia},FALSE,20,"2 entre 12 et 10 cm, 1 entre 10 et 8 cm, 5 entre 6 et 4 cm, 12 entre 4 et 2 cm.","18,5 cm de diamètre ",,"0,1",10,"traces de brûlures, aspect granuleux du décor en relief",,faenza_porcelaine.csv,,"provient de la vitrine 190 du musée d'avant guerre, mais pas visible précément sur la photo argentique car posé à plat, impossible de retrouver les numéros d'inventaires correspondant précisement à l'objet parmi les 11 autres similaires de la section; Don du comte de Tokyo au musée en 1927. (motif avec sorte de fleur de vigne et lac ? bleu vert)",,,
MIC,,SI_Alberhi v.178 (caisse 3),,,porcelaine,porceclaine,,FALSE,"grand plat ""ciottola""",large ciottola (dish),XIX,FALSE,156,Chine {Asie},China {Asia},FALSE,environ 80,"bcp de taille différentes, difficile de faire la typo comme déjà collé.","35 cm de diamètre, h 10,5 cm",,moins de 10 %,<10,"traces de brûles, noircissements de fragments entiers, clocage, perte du décor glaçurée, aspect granuleux des décors glaçurés en reliefs, coulure de la glaçure sur les tranches, fragments exogène qui a fusionné à l'intérieur du col. ",,faenza_porcelaine.csv,,provient de la vitrine 178 du musée d'avant guerre. Difficile de faire la morpho des fragments car déjà collé. ,,,
MIC,,SI_Alberghi v.178.1 (caisse 3),,,porcelaine,porceclaine,,FALSE,"grand plat ""ciottola""",large ciottola (dish),XIX,FALSE,156,Chine {Asie},China {Asia},FALSE,environ 125,"bcp de taille différentes, difficile de faire la typo comme déjà collé.","40 cm de diamètre, h 13 cm",,"0,2",20,"traces de brûles, noircissements de fragments entiers, clocage, perte du décor glaçurée, aspect granuleux des décors glaçurés en reliefs.  ",,faenza_porcelaine.csv,,"provient de la vitrine 178 du musée d'avant guerre. Difficile de faire la morpho des fragments car déjà collé. Mais beaucoup de petits et très petits fragments (moins de 2cm), ",,,
MIC,,SI _ Albergi v.178.2,,,porcelaine,porceclaine,,FALSE,vase ; couvercle,vase with lid,XIX,FALSE,156,Chine {Asie},China {Asia},FALSE,environ 80,"bcp de taille différentes, difficile de faire la typo comme déjà collé.","34 cm de haut, 20 cm de diamètre",,"0,3",30,"traces de brûles, noircissements de fragments entiers, clocage, perte du décor glaçurée, aspect granuleux des décors glaçurés en reliefs.  ",,faenza_porcelaine.csv,,"provient de la vitrine 178 du musée d'avant guerre. Difficile de faire la morpho des fragments car déjà collé. Mais beaucoup de petits et très petits fragments (moins de 2cm), et typologie des fragments particulières, très dentelée ce qui permet un remontage solide qui évité les ressauts. ",,,
MIC,,SI_v.20,,,porcelaine,porceclaine,,FALSE,vase,vase,XIX,FALSE,156,Chine {Asie},China {Asia},FALSE,plus de 100,"bcp de petits et très petits fragments, essentiellement entre 2 et 4 et moins de 2 cm. Difficile de faire un à un car déjà collé","24 cm de haut, diamètre 10",,"0,3",30,"traces de brûles, noircissements de fragments entiers, clocage, perte du décor glaçurée, aspect granuleux des décors glaçurés en reliefs.  ",,faenza_porcelaine.csv,,"provient de la vitrine 178 du musée d'avant guerre. Difficile de faire la morpho des fragments car déjà collé. Mais beaucoup de petits et très petits fragments (moins de 2cm), et typologie des fragments particulières, très dentelée ce qui permet un remontage solide qui évité les ressauts. en deux partie, le col et le corps pas de connexion car trop lacunaire.",,,
MIC,,SI_v.20.1,,,porcelaine,porceclaine,,FALSE,vase,vase,XIX,FALSE,156,Chine {Asie},China {Asia},FALSE,plus de 60,"bcp de petits et très petits fragments, essentiellement entre 2 et 4 et moins de 2 cm. Difficile de faire un à un car déjà collé","24 cm de haut, environ 10 cm de diamètre (difficile à dire, pas de connexion dans la partie haute arrondie)",,"0,4",40,"traces de brûles, noircissements de fragments entiers, clocage, perte du décor glaçurée, aspect granuleux des décors glaçurés en reliefs.  ",,faenza_porcelaine.csv,,"provient de la vitrine 178 du musée d'avant guerre. Difficile de faire la morpho des fragments car déjà collé. Mais beaucoup de petits et très petits fragments (moins de 2cm), et typologie des fragments particulières, très dentelée ce qui permet un remontage solide qui évité les ressauts. ",,,
MIC,,"9738,1","9738,1","9738,1 (3).JPG
9738,1 (7).JPG",porcelaine,porceclaine,,FALSE,sucrier ,sugar bowl,XVIII,FALSE,380,Italie {Europe} (production Ginnori),Italy {Europe} (production Ginnori),FALSE,2,"en gros deux moitié, cassure au milieur, cassé/collé 1 entre 6 et 8 et 1 de  4 cm","5 cm h, 10x8 cm",,entier ,0,"noircissement sur l'ensemble de la surface, à un degrés elevé. Perte totale du décor, illisble. Quelques bulles où on voit encore le fond blanc à l'intérieur. Les décors floraux semblent plus en reliefs. ",,faenza_porcelaine.csv,,"duplicat post guerre. On voit qu'il est légérement plus grand, est-ce que la taille à pu se rétrécir pdt l'incendie ?",,,
MIC,,?,,,porcelaine,porceclaine,,FALSE,Tasse à café,coffee cup,XVIII,FALSE,380,Italie {Europe} (production Ginnori),Italy {Europe} (production Ginnori),FALSE,environ 10,"plusieurs gros morceaux dont un presque la moitié de l'objet 8,5 cm de haut, mais qqls petits morceaux sur les bords moins de 2 cm ","h 8cm, L 7,5 cm l 5,3 cm",,"0,1",10,"fusion du revêtement avc éléments exogènes, plus la brillance originale d'une porcelaine. 3 petits fragments noircis mais avc les reflets métalliques déjà vu ailleurs sur la maiolica par exemple. ",,faenza_porcelaine.csv,,"duplicat post guerre, lui aussi légérement plus grand. Étant donné qu'il s'agit de la même manufacture, soit composante qui fait que ça réduit pdt l'incendie, soit duplicat fait un poil plus grand que les exemplaire originaux. Pas le N° d'inventaire, mais vu l'état probablemen à FS avc les autres. point d'impact surement au niveau du col car seule partie lacunaire ",,,
MIC,,"1938,2","1938,2","1938,2 (11).JPG
1938,2 (13).JPG
1938,2 (2).JPG
1938,2 (7).JPG",Biscuit [porcelaine],porceclaine,biscuit,FALSE,Statue sur base,statue on a base,XX,FALSE,250,France {Europe} (Sèvres manufacture),France {Europe} (Sèvres manufacture),FALSE,environ 50,"variés : très gros morceaux de plus de 20 cm, et petits de moins de 2 cm. Forme 3D, difficile ","environ 46 cm de haut, 15 x 14 cm (difficile car lacunaire plusieurs éléments du drapés manquants). ",,25-30%,25-30,lacunaire mais les fragments restants en relativement bon état. quelques noircissements partiels mais pas bcp. Traces jaunes (anciennes colles ?),,faenza_porcelaine.csv,,"Le biscuit est une porcelaine sans revêtement. Dans le cas des porcelaines orientales et Ginnori, ce sont les revêtements souvent qui ont un peu souffert, mais globalement le biscuit était en bon état (à part cassé), ici idem. Cassé et manque des morceaux mais c'est tout globalement. ",,,
MIC,,SN_Alberghi,,,porcelaine,porceclaine,,FALSE,vase ,vase,XVIII - XIX,FALSE,156,Chine {Asie},China {Asia},FALSE,environ 20,"variés : très gros morceaux de plus de 20 cm, et petits de moins de 2 cm. Cassé/collé difficile de savoir avec précision","24 cm de h, 12 de diamètre ",,"0,15",15,"un gros morceau presque un quart du vase (représente la moitié de la partie basse) ne s'attache plus car manifestement a rétrécis. Déformation notable car connexion présente de deux côté mais pas en même temps (trop ""court""). Pour de la porcelaine dure chinoise dégradation particuliérement notable. pas encore vu sur ce type de matériaux. ",,faenza_porcelaine.csv,,,,,
MIC,,"1645,2-1650,2",,,porcelaine,porceclaine,,FALSE,assiette,plate,XIX,FALSE,392,Japon {Asie} ,Japan {Asia},FALSE,environ 5,"un seul morceau amalgamé, fusé avec d'autres matériaux (maiolica)","environ 25 cm de long, pour 20 de large, 12 cm de h",,"0,6",60,"ensemble de 6 assiettes à l'origine, 4 retrouvées et deux maquantes. Les deux manquantes en question sont cet amalga. On a bien le fond de deux assiettes en porcelaine, mais ilisibilité totale à cause de toutes les concréssions : maiolica, clous etc…",,faenza_porcelaine.csv,,"on remarque que malgrés l'aspect très endommagé, la porcelaine en elle-même est en bonne état. (confirme notre théorie sur la résistance des pâtes dures par rapport aux pâtes poreuses). ",,,
MIC,,SN_Alberghi v.95 caisse 102 (FS),,,porcelaine ? Avec smalte,porceclaine,avec smalte,TRUE,statue ,statue ,end of XVIII - beginning of XIX,TRUE,392 (?); 156 (?),Japon (?); Chine (?) {Asie} ,Japan / China {Asia},TRUE,3,"corps entier 40 cm de haut, le morceau de bras 8 cm, le dragron entre 10 et 12 cm ","h 43 cm, 21x14,5 cm l/L",,quasi complet moins de 5 %,0-5,noircissements hétérogènes; perte des couleurs originelles (traces de verts encore visible dans la tunique) effets métalliques sur le crane et rouge/rosé comme sur certaine maiolica (est-ce que ce n'est pas une porcelaine mais un autre type de matériau ?),,faenza_porcelaine.csv,,"dans la fiche détaillée de l'objet faite par l'expert, infos sur provenance possible (production four jingdezhen ?), les analyses devraient permettre d'avoir certaines réponses.",,,